{"0": {"weight": 4.037379639015705, "charging_time": 358}, "1": {"weight": 3.0423174293259376, "charging_time": 104}, "2": {"weight": 2.9461360669399834, "charging_time": 346}, "3": {"weight": 4.757607168947753, "charging_time": 332}, "4": {"weight": 9.680488423115378, "charging_time": 160}, "5": {"weight": 9.574521850167624, "charging_time": 190}, "6": {"weight": 8.547790801448317, "charging_time": 17}, "7": {"weight": 9.542635999222206, "charging_time": 173}, "8": {"weight": 7.047224688983997, "charging_time": 133}, "total_number_of_vehicles": 9, "num_normal_vehicles": 4, "num_important_vehicles": 5}