{"0": {"weight": 4.734114326347427, "charging_time": 345}, "1": {"weight": 3.7903852182481756, "charging_time": 85}, "2": {"weight": 2.608141716401616, "charging_time": 64}, "3": {"weight": 7.369301776577926, "charging_time": 333}, "4": {"weight": 8.76839815173295, "charging_time": 195}, "total_number_of_vehicles": 5, "num_normal_vehicles": 3, "num_important_vehicles": 2}