{"0": {"weight": 2.0170242874017164, "charging_time": 160}, "1": {"weight": 2.5711368875133007, "charging_time": 313}, "2": {"weight": 0.14813005830685827, "charging_time": 41}, "3": {"weight": 9.664980932449037, "charging_time": 344}, "4": {"weight": 5.563478073702212, "charging_time": 189}, "5": {"weight": 7.179765423424515, "charging_time": 148}, "6": {"weight": 6.44521043861816, "charging_time": 263}, "total_number_of_vehicles": 7, "num_normal_vehicles": 3, "num_important_vehicles": 4}