{"0": {"weight": 4.967632881093308, "charging_time": 180}, "1": {"weight": 3.0669706968112638, "charging_time": 144}, "2": {"weight": 1.7768804787085082, "charging_time": 87}, "3": {"weight": 2.699756356515923, "charging_time": 70}, "4": {"weight": 4.3091693481935485, "charging_time": 164}, "5": {"weight": 3.107111039312858, "charging_time": 284}, "6": {"weight": 2.7918673152638274, "charging_time": 305}, "7": {"weight": 1.4142888967181881, "charging_time": 116}, "8": {"weight": 1.2854240492026867, "charging_time": 62}, "total_number_of_vehicles": 9, "num_normal_vehicles": 9, "num_important_vehicles": 0}