{"0": {"weight": 0.2135125216325029, "charging_time": 288}, "1": {"weight": 3.9231250661643813, "charging_time": 314}, "2": {"weight": 1.2412507721662107, "charging_time": 159}, "3": {"weight": 3.3605054343159937, "charging_time": 249}, "4": {"weight": 2.1962689573373324, "charging_time": 139}, "5": {"weight": 7.935331818603456, "charging_time": 189}, "6": {"weight": 9.6300972727431, "charging_time": 219}, "total_number_of_vehicles": 7, "num_normal_vehicles": 5, "num_important_vehicles": 2}