{"0": {"weight": 2.9803062198405375, "charging_time": 60}, "1": {"weight": 4.56914022086181, "charging_time": 300}, "2": {"weight": 4.454965434116912, "charging_time": 86}, "3": {"weight": 0.7776584207502458, "charging_time": 168}, "4": {"weight": 6.972937932451906, "charging_time": 328}, "total_number_of_vehicles": 5, "num_normal_vehicles": 4, "num_important_vehicles": 1}