{"0": {"weight": 1.415706376436837, "charging_time": 117}, "1": {"weight": 3.7803486884547786, "charging_time": 241}, "2": {"weight": 1.7505762349548135, "charging_time": 174}, "3": {"weight": 5.40201570243139, "charging_time": 329}, "4": {"weight": 6.7488020372385105, "charging_time": 158}, "total_number_of_vehicles": 5, "num_normal_vehicles": 3, "num_important_vehicles": 2}