{"0": {"weight": 6.293439521245859, "charging_time": 318}, "1": {"weight": 5.489016966442758, "charging_time": 269}, "2": {"weight": 9.750668920530542, "charging_time": 274}, "3": {"weight": 5.642053317273982, "charging_time": 118}, "4": {"weight": 8.533049798069833, "charging_time": 48}, "5": {"weight": 5.310737875724025, "charging_time": 80}, "total_number_of_vehicles": 6, "num_normal_vehicles": 0, "num_important_vehicles": 6}