{"0": {"weight": 4.604840596993482, "charging_time": 175}, "1": {"weight": 1.6674744942977435, "charging_time": 212}, "2": {"weight": 3.678897180839097, "charging_time": 330}, "3": {"weight": 0.2278994603003169, "charging_time": 100}, "4": {"weight": 0.5969506780941722, "charging_time": 156}, "5": {"weight": 9.092481883056369, "charging_time": 90}, "total_number_of_vehicles": 6, "num_normal_vehicles": 5, "num_important_vehicles": 1}