{"0": {"weight": 0.1265204071741428, "charging_time": 334}, "1": {"weight": 6.42506586267427, "charging_time": 263}, "2": {"weight": 5.239340454884238, "charging_time": 80}, "3": {"weight": 7.597281147172168, "charging_time": 233}, "4": {"weight": 8.170010486224175, "charging_time": 137}, "5": {"weight": 7.991285792168608, "charging_time": 78}, "total_number_of_vehicles": 6, "num_normal_vehicles": 1, "num_important_vehicles": 5}