{"0": {"weight": 0.8128127697155932, "charging_time": 273}, "1": {"weight": 2.7051823818745335, "charging_time": 192}, "2": {"weight": 9.879207193745872, "charging_time": 94}, "3": {"weight": 6.4871091384153114, "charging_time": 113}, "4": {"weight": 6.021656107204693, "charging_time": 279}, "5": {"weight": 5.09343660017589, "charging_time": 21}, "total_number_of_vehicles": 6, "num_normal_vehicles": 2, "num_important_vehicles": 4}