{"0": {"weight": 0.9420536365091284, "charging_time": 39}, "1": {"weight": 3.302450104165993, "charging_time": 161}, "2": {"weight": 4.102622672660604, "charging_time": 134}, "3": {"weight": 2.8882058828048405, "charging_time": 210}, "4": {"weight": 4.258550876117956, "charging_time": 265}, "5": {"weight": 7.922388400721738, "charging_time": 157}, "total_number_of_vehicles": 6, "num_normal_vehicles": 5, "num_important_vehicles": 1}