{"0": {"weight": 2.1066233288425944, "charging_time": 33}, "1": {"weight": 3.208712721729141, "charging_time": 111}, "2": {"weight": 0.45121807628721766, "charging_time": 67}, "3": {"weight": 1.8468346914738676, "charging_time": 299}, "4": {"weight": 2.26414977165857, "charging_time": 236}, "5": {"weight": 6.359145964772755, "charging_time": 93}, "total_number_of_vehicles": 6, "num_normal_vehicles": 5, "num_important_vehicles": 1}