{"0": {"weight": 3.929906974662865, "charging_time": 185}, "1": {"weight": 3.943586755940091, "charging_time": 116}, "2": {"weight": 0.3834884868240068, "charging_time": 324}, "3": {"weight": 9.326516548177409, "charging_time": 35}, "4": {"weight": 5.71533535773263, "charging_time": 314}, "5": {"weight": 8.395941271552907, "charging_time": 99}, "total_number_of_vehicles": 6, "num_normal_vehicles": 3, "num_important_vehicles": 3}