{"0": {"weight": 0.24689558913028933, "charging_time": 83}, "1": {"weight": 9.227174064812736, "charging_time": 204}, "2": {"weight": 6.75303200614851, "charging_time": 189}, "3": {"weight": 9.583437418907579, "charging_time": 257}, "4": {"weight": 9.879984946484338, "charging_time": 293}, "5": {"weight": 5.073276719907592, "charging_time": 246}, "total_number_of_vehicles": 6, "num_normal_vehicles": 1, "num_important_vehicles": 5}