{"0": {"weight": 9.666863441046026, "charging_time": 77}, "1": {"weight": 9.066866479217865, "charging_time": 170}, "2": {"weight": 8.648809144255987, "charging_time": 257}, "3": {"weight": 8.274091788565523, "charging_time": 346}, "4": {"weight": 6.45751671034175, "charging_time": 120}, "5": {"weight": 5.597740122228246, "charging_time": 198}, "total_number_of_vehicles": 6, "num_normal_vehicles": 0, "num_important_vehicles": 6}