{"0": {"weight": 2.4878880878889067, "charging_time": 258}, "1": {"weight": 2.0371323512769948, "charging_time": 186}, "2": {"weight": 1.8167003582163155, "charging_time": 210}, "3": {"weight": 4.06709670208595, "charging_time": 113}, "4": {"weight": 7.075933316633677, "charging_time": 107}, "5": {"weight": 7.074180097464605, "charging_time": 208}, "total_number_of_vehicles": 6, "num_normal_vehicles": 4, "num_important_vehicles": 2}