{"0": {"weight": 2.6653397659845894, "charging_time": 158}, "1": {"weight": 2.851544214347022, "charging_time": 55}, "2": {"weight": 1.367032268791225, "charging_time": 235}, "3": {"weight": 0.23139004537903896, "charging_time": 246}, "4": {"weight": 7.436927073740725, "charging_time": 130}, "5": {"weight": 5.614402622652666, "charging_time": 155}, "total_number_of_vehicles": 6, "num_normal_vehicles": 4, "num_important_vehicles": 2}