{"0": {"weight": 1.808848498323197, "charging_time": 242}, "1": {"weight": 1.1523153751513489, "charging_time": 17}, "2": {"weight": 8.10096131413718, "charging_time": 138}, "3": {"weight": 5.111597921249751, "charging_time": 52}, "4": {"weight": 8.098104081682251, "charging_time": 181}, "5": {"weight": 5.909208758347164, "charging_time": 238}, "total_number_of_vehicles": 6, "num_normal_vehicles": 2, "num_important_vehicles": 4}