{"0": {"weight": 2.3380087391640147, "charging_time": 266}, "1": {"weight": 2.9081690574546215, "charging_time": 183}, "2": {"weight": 8.318632924774631, "charging_time": 153}, "3": {"weight": 9.784071418223652, "charging_time": 214}, "4": {"weight": 8.567555629463152, "charging_time": 132}, "5": {"weight": 5.168232012346615, "charging_time": 63}, "total_number_of_vehicles": 6, "num_normal_vehicles": 2, "num_important_vehicles": 4}