{"0": {"weight": 1.3928596882024304, "charging_time": 30}, "1": {"weight": 1.3171961385285378, "charging_time": 266}, "2": {"weight": 9.141969294922573, "charging_time": 236}, "3": {"weight": 8.668815453437064, "charging_time": 311}, "4": {"weight": 7.015212798511863, "charging_time": 37}, "5": {"weight": 6.010460973010554, "charging_time": 205}, "total_number_of_vehicles": 6, "num_normal_vehicles": 2, "num_important_vehicles": 4}