{"0": {"weight": 3.7251981364786824, "charging_time": 65}, "1": {"weight": 2.78891707007485, "charging_time": 357}, "2": {"weight": 3.444334362335363, "charging_time": 66}, "3": {"weight": 9.960170166220243, "charging_time": 151}, "4": {"weight": 8.585696832688132, "charging_time": 232}, "5": {"weight": 5.142492774893556, "charging_time": 303}, "total_number_of_vehicles": 6, "num_normal_vehicles": 3, "num_important_vehicles": 3}