{"0": {"weight": 1.9617007037961416, "charging_time": 238}, "1": {"weight": 3.2361439976100717, "charging_time": 242}, "2": {"weight": 4.649164857840726, "charging_time": 98}, "3": {"weight": 3.504365562948988, "charging_time": 204}, "4": {"weight": 3.504824620909237, "charging_time": 88}, "5": {"weight": 0.21475177613309865, "charging_time": 42}, "total_number_of_vehicles": 6, "num_normal_vehicles": 6, "num_important_vehicles": 0}