{"0": {"weight": 2.524153297086367, "charging_time": 54}, "1": {"weight": 1.0680467326809289, "charging_time": 300}, "2": {"weight": 2.9967428572014945, "charging_time": 125}, "3": {"weight": 4.452905907431668, "charging_time": 301}, "4": {"weight": 7.525853815428803, "charging_time": 342}, "5": {"weight": 9.701361889823529, "charging_time": 249}, "total_number_of_vehicles": 6, "num_normal_vehicles": 4, "num_important_vehicles": 2}