{"0": {"weight": 1.764857879490933, "charging_time": 64}, "1": {"weight": 4.697544348994744, "charging_time": 95}, "2": {"weight": 4.971931929146788, "charging_time": 339}, "3": {"weight": 6.398405082866175, "charging_time": 69}, "4": {"weight": 6.785865001070342, "charging_time": 204}, "5": {"weight": 7.139290149576327, "charging_time": 63}, "total_number_of_vehicles": 6, "num_normal_vehicles": 3, "num_important_vehicles": 3}