{"0": {"weight": 3.4581823429310963, "charging_time": 297}, "1": {"weight": 4.344218304564407, "charging_time": 231}, "2": {"weight": 0.5192278411334429, "charging_time": 42}, "3": {"weight": 2.0939291919639813, "charging_time": 138}, "4": {"weight": 8.293276511218336, "charging_time": 87}, "5": {"weight": 7.657198772814768, "charging_time": 343}, "total_number_of_vehicles": 6, "num_normal_vehicles": 4, "num_important_vehicles": 2}