{"0": {"weight": 1.4444309418810597, "charging_time": 112}, "1": {"weight": 1.4184549201932324, "charging_time": 272}, "2": {"weight": 1.2446325782764163, "charging_time": 342}, "3": {"weight": 2.914520184464991, "charging_time": 222}, "4": {"weight": 2.2087368652383534, "charging_time": 241}, "5": {"weight": 5.354711274527172, "charging_time": 225}, "total_number_of_vehicles": 6, "num_normal_vehicles": 5, "num_important_vehicles": 1}