{"0": {"weight": 0.48430928415963626, "charging_time": 273}, "1": {"weight": 1.525229508056948, "charging_time": 251}, "2": {"weight": 4.326475250147064, "charging_time": 85}, "3": {"weight": 3.356804375162565, "charging_time": 86}, "4": {"weight": 3.8485353393418764, "charging_time": 231}, "5": {"weight": 5.81894537000729, "charging_time": 187}, "total_number_of_vehicles": 6, "num_normal_vehicles": 5, "num_important_vehicles": 1}