{"0": {"weight": 7.632015416863121, "charging_time": 351}, "1": {"weight": 5.0322724701594, "charging_time": 224}, "2": {"weight": 9.271979824159375, "charging_time": 278}, "3": {"weight": 8.77172522987654, "charging_time": 56}, "4": {"weight": 8.24186072659667, "charging_time": 336}, "5": {"weight": 7.328455606261235, "charging_time": 75}, "total_number_of_vehicles": 6, "num_normal_vehicles": 0, "num_important_vehicles": 6}