{"0": {"weight": 4.016885095188232, "charging_time": 336}, "1": {"weight": 2.306056435900665, "charging_time": 288}, "2": {"weight": 7.867941511016815, "charging_time": 66}, "3": {"weight": 9.333244698259548, "charging_time": 72}, "4": {"weight": 9.897423891602529, "charging_time": 197}, "5": {"weight": 8.784299451019345, "charging_time": 298}, "total_number_of_vehicles": 6, "num_normal_vehicles": 2, "num_important_vehicles": 4}