{"0": {"weight": 0.5924409917156315, "charging_time": 307}, "1": {"weight": 2.271191460524043, "charging_time": 295}, "2": {"weight": 4.820767995164206, "charging_time": 248}, "3": {"weight": 3.48315234666044, "charging_time": 172}, "4": {"weight": 1.2033993933549907, "charging_time": 45}, "5": {"weight": 0.32293367705749076, "charging_time": 311}, "total_number_of_vehicles": 6, "num_normal_vehicles": 6, "num_important_vehicles": 0}