{"0": {"weight": 2.9283285893906936, "charging_time": 294}, "1": {"weight": 0.6456296347327847, "charging_time": 247}, "2": {"weight": 6.388444530445193, "charging_time": 231}, "3": {"weight": 6.849225108934302, "charging_time": 42}, "4": {"weight": 5.893346796215581, "charging_time": 136}, "5": {"weight": 8.237113640440558, "charging_time": 118}, "total_number_of_vehicles": 6, "num_normal_vehicles": 2, "num_important_vehicles": 4}